{
  "getValue TINT2": {
    "description": "getValue TINT2",
    "times": [
      796.3008880615234,
      776.660680770874,
      895.526647567749,
      807.6715469360352,
      844.5236682891846
    ],
    "min": 776.660680770874,
    "max": 895.526647567749,
    "avg": 824.1366863250732
  },
  "getValue TINT3": {
    "description": "getValue TINT3",
    "times": [
      93.20378303527832,
      92.98586845397949,
      91.46928787231445,
      91.87126159667969,
      92.01979637145996
    ],
    "min": 91.46928787231445,
    "max": 93.20378303527832,
    "avg": 92.30999946594238
  },
  "tempSubtype TINT2": {
    "description": "tempSubtype TINT2",
    "times": [
      823.0195045471191,
      846.7986583709717,
      855.9606075286865,
      852.8704643249512,
      870.3086376190186
    ],
    "min": 823.0195045471191,
    "max": 870.3086376190186,
    "avg": 849.7915744781494
  },
  "tempSubtype TINT3": {
    "description": "tempSubtype TINT3",
    "times": [
      101.53555870056152,
      102.91361808776855,
      102.1735668182373,
      105.00049591064453,
      106.95433616638184
    ],
    "min": 101.53555870056152,
    "max": 106.95433616638184,
    "avg": 103.71551513671875
  },
  "getTimestamp TINT2": {
    "description": "getTimestamp TINT2",
    "times": [
      838.8092517852783,
      795.0007915496826,
      801.8913269042969,
      777.6591777801514,
      776.4542102813721
    ],
    "min": 776.4542102813721,
    "max": 838.8092517852783,
    "avg": 797.9629516601562
  },
  "getTimestamp TINT3": {
    "description": "getTimestamp TINT3",
    "times": [
      87.02349662780762,
      90.33513069152832,
      88.61351013183594,
      88.99784088134766,
      89.14995193481445
    ],
    "min": 87.02349662780762,
    "max": 90.33513069152832,
    "avg": 88.8239860534668
  }
}