{
  "getValue TINT": {
    "description": "getValue TINT",
    "times": [
      96.52972221374512,
      96.50349617004395,
      96.32039070129395,
      97.46599197387695,
      95.6718921661377
    ],
    "min": 95.6718921661377,
    "max": 97.46599197387695,
    "avg": 96.49829864501953
  },
  "getValue TINT2": {
    "description": "getValue TINT2",
    "times": [
      52.70719528198242,
      55.4652214050293,
      54.75425720214844,
      70.50633430480957,
      66.05911254882812
    ],
    "min": 52.70719528198242,
    "max": 70.50633430480957,
    "avg": 59.89842414855957
  },
  "tempSubtype TINT": {
    "description": "tempSubtype TINT",
    "times": [
      110.07189750671387,
      107.43165016174316,
      109.38477516174316,
      124.11785125732422,
      140.90800285339355
    ],
    "min": 107.43165016174316,
    "max": 140.90800285339355,
    "avg": 118.3828353881836
  },
  "tempSubtype TINT2": {
    "description": "tempSubtype TINT2",
    "times": [
      74.38325881958008,
      66.74814224243164,
      70.07646560668945,
      67.73662567138672,
      65.1710033416748
    ],
    "min": 65.1710033416748,
    "max": 74.38325881958008,
    "avg": 68.82309913635254
  },
  "getTimestamp TINT": {
    "description": "getTimestamp TINT",
    "times": [
      92.94366836547852,
      91.79186820983887,
      92.6198959350586,
      93.07742118835449,
      93.83916854858398
    ],
    "min": 91.79186820983887,
    "max": 93.83916854858398,
    "avg": 92.85440444946289
  },
  "getTimestamp TINT2": {
    "description": "getTimestamp TINT2",
    "times": [
      52.692413330078125,
      52.713632583618164,
      52.42037773132324,
      50.90069770812988,
      50.61936378479004
    ],
    "min": 50.61936378479004,
    "max": 52.713632583618164,
    "avg": 51.86929702758789
  }
}