{
  "getValue TINT2": {
    "description": "getValue TINT2",
    "times": [
      204.30397987365723,
      200.98233222961426,
      196.02560997009277,
      201.48587226867676,
      199.39613342285156
    ],
    "min": 196.02560997009277,
    "max": 204.30397987365723,
    "avg": 200.43878555297852,
    "median": 200.98233222961426
  },
  "tempSubtype TINT2": {
    "description": "tempSubtype TINT2",
    "times": [
      208.39834213256836,
      209.25545692443848,
      214.18380737304688,
      206.17961883544922,
      210.2980613708496
    ],
    "min": 206.17961883544922,
    "max": 214.18380737304688,
    "avg": 209.6630573272705,
    "median": 209.25545692443848
  },
  "getTimestamp TINT2": {
    "description": "getTimestamp TINT2",
    "times": [
      195.2197551727295,
      194.30255889892578,
      197.25513458251953,
      197.4198818206787,
      195.5416202545166
    ],
    "min": 194.30255889892578,
    "max": 197.4198818206787,
    "avg": 195.94779014587402,
    "median": 195.5416202545166
  },
  "sequences TINT2": {
    "description": "sequences TINT2",
    "times": [
      791.1734580993652,
      783.7710380554199,
      773.853063583374,
      742.7554130554199,
      787.3036861419678
    ],
    "min": 742.7554130554199,
    "max": 791.1734580993652,
    "avg": 775.7713317871094,
    "median": 783.7710380554199
  },
  "GroupBy TINT2": {
    "description": "GroupBy TINT2",
    "times": [
      203.88031005859375,
      203.6905288696289,
      212.71777153015137,
      206.79855346679688,
      206.4497470855713
    ],
    "min": 203.6905288696289,
    "max": 212.71777153015137,
    "avg": 206.70738220214844,
    "median": 206.4497470855713
  },
  "Window TINT2": {
    "description": "Window TINT2",
    "times": [
      30.06291389465332,
      29.998064041137695,
      29.390335083007812,
      28.685331344604492,
      28.93996238708496
    ],
    "min": 28.685331344604492,
    "max": 30.06291389465332,
    "avg": 29.415321350097656,
    "median": 29.390335083007812
  }
}